<?xml version="1.0"?>

<!-- =============================================================== -->
<!-- Configure the Jetty Server                                      -->
<!--                                                                 -->
<!-- Documentation of this file format can be found at:              -->
<!-- http://docs.codehaus.org/display/JETTY/jetty.xml                -->
<!--                                                                 -->
<!-- =============================================================== -->


<Configure id="Server" class="org.mortbay.jetty.Server">

    <!-- =========================================================== -->
    <!-- Server Thread Pool                                          -->
    <!-- =========================================================== -->
    <Set name="ThreadPool">

        <New class="org.mortbay.thread.concurrent.ThreadPool">
          <Set name="corePoolSize">10</Set>
          <Set name="maximumPoolSize">20</Set>
        </New>

        <!-- Optional Java 5 bounded threadpool with job queue
		<New class="org.mortbay.thread.QueuedThreadPool">
            <Set name="minThreads">10</Set>
            <Set name="maxThreads">200</Set>
            <Set name="lowThreads">20</Set>
            <Set name="SpawnOrShrinkAt">2</Set>
        </New>  
        -->
    </Set>


    <!-- =========================================================== -->
    <!-- Set connectors                                              -->
    <!-- =========================================================== -->
    <!-- One of each type!                                           -->
    <!-- =========================================================== -->

    <!-- Use this connector for many frequently idle connections
         and for threadless continuations.
    -->
    <Call name="addConnector">
        <Arg>
            <New class="org.mortbay.jetty.nio.SelectChannelConnector">
                <Set name="host">
                    <SystemProperty name="jetty.host"/>
                </Set>
                <Set name="port">
                    <SystemProperty name="jetty.port" default="8080"/>
                </Set>
                <Set name="maxIdleTime">30000</Set>
                <Set name="Acceptors">2</Set>
                <Set name="statsOn">false</Set>
                <Set name="confidentialPort">8443</Set>
                <Set name="lowResourcesConnections">5000</Set>
                <Set name="lowResourcesMaxIdleTime">5000</Set>
            </New>
        </Arg>
    </Call>

    <!-- Use this connector if NIO is not available. 
    <Call name="addConnector">
      <Arg>
          <New class="org.mortbay.jetty.bio.SocketConnector">
            <Set name="port">8081</Set>
            <Set name="maxIdleTime">50000</Set>
            <Set name="lowResourceMaxIdleTime">1500</Set>
          </New>
      </Arg>
    </Call>
    -->

    <!-- - - - - - - - - - - - - - - - - - - - - - - - - - - - - - - - - -->
    <!-- To add a HTTPS SSL listener                                     -->
    <!-- see jetty-ssl.xml to add an ssl connector. use                  -->
    <!-- java -jar start.jar etc/jetty.xml etc/jetty-ssl.xml             -->
    <!-- - - - - - - - - - - - - - - - - - - - - - - - - - - - - - - - - -->

    <!-- - - - - - - - - - - - - - - - - - - - - - - - - - - - - - - - - -->
    <!-- To allow Jetty to be started from xinetd                        -->
    <!-- mixin jetty-xinetd.xml:                                         -->
    <!--   java -jar start.jar etc/jetty.xml etc/jetty-xinetd.xml        -->
    <!--                                                                 -->
    <!-- See jetty-xinetd.xml for further instructions.                  -->
    <!-- - - - - - - - - - - - - - - - - - - - - - - - - - - - - - - - - -->

    <!-- =========================================================== -->
    <!-- Set up global session ID manager                            -->
    <!-- =========================================================== -->
    <!--
    <Set name="sessionIdManager">
      <New class="org.mortbay.jetty.servlet.HashSessionIdManager">
        <Set name="workerName">node1</Set>
      </New>
    </Set>
    -->

    <!-- =========================================================== -->
    <!-- Set handler Collection Structure                            -->
    <!-- =========================================================== -->
    <Set name="handler">
        <New id="Handlers" class="org.mortbay.jetty.handler.HandlerCollection">
            <Set name="handlers">
                <Array type="org.mortbay.jetty.Handler">
                    <Item>
                        <New id="Contexts" class="org.mortbay.jetty.handler.ContextHandlerCollection"/>
                    </Item>
                    <Item>
                        <New id="DefaultHandler" class="org.mortbay.jetty.handler.DefaultHandler"/>
                    </Item>
                    <Item>
                        <New id="RequestLog" class="org.mortbay.jetty.handler.RequestLogHandler"/>
                    </Item>
                </Array>
            </Set>
        </New>
    </Set>


    <New id="DCSDK_DB" class="org.mortbay.jetty.plus.naming.Resource">
        <Arg/>
        <Arg>jdbc/DCSDK_DB</Arg>
        <Arg>
            <New class="org.apache.commons.dbcp.BasicDataSource">
                <Set name="driverClassName">org.apache.derby.jdbc.EmbeddedDriver</Set>
                <Set name="url">jdbc:derby:<SystemProperty name="DCSDK_HOME" default="."/>/db/sdk2;create=false</Set>
                <Set name="username" />
                <Set name="password"/>
            </New>
        </Arg>
    </New>

    <!-- =========================================================== -->
    <!-- Configure the context deployer                              -->
    <!-- A context deployer will deploy contexts described in        -->
    <!-- configuration files discovered in a directory.              -->
    <!-- The configuration directory can be scanned for hot          -->
    <!-- deployments at the configured scanInterval.                 -->
    <!--                                                             -->
    <!-- This deployer is configured to deploy contexts configured   -->
    <!-- in the $JETTY_HOME/contexts directory                       -->
    <!--                                                             -->
    <!-- =========================================================== -->

    <Call name="addLifeCycle">
        <Arg>
            <New class="org.mortbay.jetty.deployer.ContextDeployer">
                <Set name="contexts">
                    <Ref id="Contexts"/>
                </Set>
                <Set name="configurationDir"><SystemProperty name="DCSDK_HOME" default="."/>/conf/sdk-web.xml
                </Set>
                <Set name="scanInterval">5</Set>
            </New>
        </Arg>
    </Call>

	<!-- 
    <Call name="addLifeCycle">
        <Arg>
            <New class="org.mortbay.jetty.deployer.ContextDeployer">
                <Set name="contexts">
                    <Ref id="Contexts"/>
                </Set>
                <Set name="configurationDir"><SystemProperty name="DCSDK_HOME" default="."/>/conf/app.xml
                </Set>
                <Set name="scanInterval">5</Set>
            </New>
        </Arg>
    </Call>
     -->

    <!--more apps mark, please do not delete -->

    <!-- =========================================================== -->
    <!-- Configure Request Log                                       -->
    <!-- Request logs  may be configured for the entire server here, -->
    <!-- or they can be configured for a specific web app in a       -->
    <!-- contexts configuration (see $(jetty.home)/contexts/test.xml -->
    <!-- for an example).                                            -->
    <!-- =========================================================== -->
    <Ref id="RequestLog">
        <Set name="requestLog">
            <New id="RequestLogImpl" class="org.mortbay.jetty.NCSARequestLog">
                <Set name="filename"><SystemProperty name="DCSDK_HOME" default="."/>/logs/yyyy_mm_dd.request.log
                </Set>
                <Set name="filenameDateFormat">yyyy_MM_dd</Set>
                <Set name="retainDays">90</Set>
                <Set name="append">true</Set>
                <Set name="extended">false</Set>
                <Set name="logCookies">false</Set>
                <Set name="LogTimeZone">GMT</Set>
            </New>
        </Set>
    </Ref>

    <!-- =========================================================== -->
    <!-- extra options                                               -->
    <!-- =========================================================== -->
    <Set name="stopAtShutdown">true</Set>
    <Set name="sendServerVersion">true</Set>
    <Set name="sendDateHeader">true</Set>
    <Set name="gracefulShutdown">1000</Set>

</Configure>
