<?xml version="1.0" encoding="UTF-8" standalone="no"?>
<registration_data version="1.0">
   <environment>
      <hostname>t-taogu</hostname>
      <hostId/>
      <osName>Windows 7</osName>
      <osVersion>6.1</osVersion>
      <osArchitecture>x86</osArchitecture>
      <systemModel>OptiPlex 780</systemModel>
      <systemManufacturer>Dell Inc.</systemManufacturer>
      <cpuManufacturer>GenuineIntel</cpuManufacturer>
      <serialNumber>HGPBV2X</serialNumber>
   </environment>
   <registry urn="urn:st:aaf59006-1033-47d3-99fe-eeb7d1e7dc69" version="1.0">
      <service_tag>
         <instance_urn>urn:st:8f87613f-35c1-4f05-a9c1-83c64c9bec48</instance_urn>
         <product_name>Java SE 6 Development Kit</product_name>
         <product_version>1.6.0_32</product_version>
         <product_urn>urn:uuid:b58ef9a8-5ae8-11db-a023-080020a9ed93</product_urn>
         <product_parent_urn>urn:uuid:fdc90b21-018d-4cab-b866-612c7c119ed3</product_parent_urn>
         <product_parent>Java Platform Standard Edition 6 (Java SE 6)</product_parent>
         <product_defined_inst_id>id=1.6.0_32-b05 x86,dir=D:\software\dev\Java\jdk1.6.0_32\jre</product_defined_inst_id>
         <product_vendor>Sun Microsystems</product_vendor>
         <platform_arch>x86</platform_arch>
         <timestamp>2012-05-03 02:29:13 GMT</timestamp>
         <container>global</container>
         <source>Windows JDK i586 installer</source>
         <installer_uid>-1</installer_uid>
      </service_tag>
   </registry>
</registration_data>
